id,fault,is_fraud,detected
0,none,False,False
1,stale_ts,True,True
2,spoof_gps,True,True
3,spoof_and_tamper,True,True
4,tampered_exif,True,True
5,none,False,False
6,spoof_and_tamper,True,True
7,spoof_and_tamper,True,True
8,spoof_and_tamper,True,True
9,tampered_exif,True,True
10,none,False,False
11,spoof_gps,True,True
12,stale_ts,True,True
13,spoof_gps,True,True
14,stale_ts,True,True
15,tampered_exif,True,True
16,stale_ts,True,True
17,none,False,False
18,spoof_and_tamper,True,True
19,tampered_exif,True,True
20,stale_ts,True,True
21,spoof_and_tamper,True,True
22,stale_ts,True,True
23,none,False,False
24,spoof_gps,True,True
25,none,False,False
26,none,False,False
27,tampered_exif,True,True
28,stale_ts,True,True
29,stale_ts,True,True
30,stale_ts,True,True
31,none,False,False
32,spoof_gps,True,True
33,spoof_gps,True,True
34,tampered_exif,True,True
35,spoof_and_tamper,True,True
36,stale_ts,True,True
37,none,False,False
38,none,False,False
39,tampered_exif,True,True
40,spoof_gps,True,True
41,spoof_and_tamper,True,True
42,stale_ts,True,True
43,tampered_exif,True,True
44,tampered_exif,True,True
45,spoof_gps,True,True
46,spoof_and_tamper,True,True
47,spoof_and_tamper,True,True
48,spoof_and_tamper,True,True
49,spoof_gps,True,False
